<metadata xml:lang="en"><Esri><CreaDate>20220207</CreaDate><CreaTime>08342000</CreaTime><ArcGISFormat>1.0</ArcGISFormat><SyncOnce>FALSE</SyncOnce><DataProperties><itemProps><itemName Sync="TRUE">nycdta2020</itemName><itemLocation><linkage Sync="FALSE">withheld</linkage><protocol Sync="TRUE">Local Area Network</protocol></itemLocation><imsContentType Sync="TRUE">002</imsContentType><nativeExtBox><westBL Sync="TRUE">913174.999355</westBL><eastBL Sync="TRUE">1067382.508423</eastBL><southBL Sync="TRUE">120128.274951</southBL><northBL Sync="TRUE">272844.293823</northBL><exTypeCode Sync="TRUE">1</exTypeCode></nativeExtBox><itemSize Sync="TRUE">0.000</itemSize></itemProps><coordRef><type Sync="TRUE">Projected</type><geogcsn Sync="TRUE">GCS_North_American_1983</geogcsn><csUnits Sync="TRUE">Linear Unit: Foot_US (0.304801)</csUnits><projcsn Sync="TRUE">NAD_1983_StatePlane_New_York_Long_Island_FIPS_3104_Feet</projcsn><peXml Sync="TRUE">&lt;ProjectedCoordinateSystem xsi:type='typens:ProjectedCoordinateSystem' xmlns:xsi='http://www.w3.org/2001/XMLSchema-instance' xmlns:xs='http://www.w3.org/2001/XMLSchema' xmlns:typens='http://www.esri.com/schemas/ArcGIS/10.6'&gt;&lt;WKT&gt;PROJCS[&amp;quot;NAD_1983_StatePlane_New_York_Long_Island_FIPS_3104_Feet&amp;quot;,GEOGCS[&amp;quot;GCS_North_American_1983&amp;quot;,DATUM[&amp;quot;D_North_American_1983&amp;quot;,SPHEROID[&amp;quot;GRS_1980&amp;quot;,6378137.0,298.257222101]],PRIMEM[&amp;quot;Greenwich&amp;quot;,0.0],UNIT[&amp;quot;Degree&amp;quot;,0.0174532925199433]],PROJECTION[&amp;quot;Lambert_Conformal_Conic&amp;quot;],PARAMETER[&amp;quot;False_Easting&amp;quot;,984250.0],PARAMETER[&amp;quot;False_Northing&amp;quot;,0.0],PARAMETER[&amp;quot;Central_Meridian&amp;quot;,-74.0],PARAMETER[&amp;quot;Standard_Parallel_1&amp;quot;,40.66666666666666],PARAMETER[&amp;quot;Standard_Parallel_2&amp;quot;,41.03333333333333],PARAMETER[&amp;quot;Latitude_Of_Origin&amp;quot;,40.16666666666666],UNIT[&amp;quot;Foot_US&amp;quot;,0.3048006096012192],AUTHORITY[&amp;quot;EPSG&amp;quot;,2263]]&lt;/WKT&gt;&lt;XOrigin&gt;-120039300&lt;/XOrigin&gt;&lt;YOrigin&gt;-96540300&lt;/YOrigin&gt;&lt;XYScale&gt;37212589.015695661&lt;/XYScale&gt;&lt;ZOrigin&gt;-100000&lt;/ZOrigin&gt;&lt;ZScale&gt;10000&lt;/ZScale&gt;&lt;MOrigin&gt;-100000&lt;/MOrigin&gt;&lt;MScale&gt;10000&lt;/MScale&gt;&lt;XYTolerance&gt;0.0032808333333333331&lt;/XYTolerance&gt;&lt;ZTolerance&gt;0.001&lt;/ZTolerance&gt;&lt;MTolerance&gt;0.001&lt;/MTolerance&gt;&lt;HighPrecision&gt;true&lt;/HighPrecision&gt;&lt;WKID&gt;102718&lt;/WKID&gt;&lt;LatestWKID&gt;2263&lt;/LatestWKID&gt;&lt;/ProjectedCoordinateSystem&gt;</peXml></coordRef><lineage><Process ToolSource="c:\program files (x86)\arcgis\desktop10.6\ArcToolbox\Toolboxes\Analysis Tools.tbx\Select" Date="20220207" Time="085058">Select c:\temp\BYTES_GP\Districts.gdb\nycdta2020 C:\temp\22A\GIS_OUTPUT\Districts\shp\nycdta2020__Iteration.shp "ObjectID&gt;=0 AND ObjectID&lt;3000"</Process><Process ToolSource="c:\program files (x86)\arcgis\desktop10.6\ArcToolbox\Toolboxes\Analysis Tools.tbx\Select" Date="20220207" Time="085058">Select C:\temp\22A\GIS_OUTPUT\Districts\shp\nycdta2020__Iteration.shp C:\temp\22A\GIS_OUTPUT\Districts\shp\nycdta2020.shp #</Process><Process ToolSource="c:\program files (x86)\arcgis\desktop10.6\ArcToolbox\Toolboxes\Data Management Tools.tbx\RepairGeometry" Date="20220207" Time="085100">RepairGeometry C:\temp\22A\GIS_OUTPUT\Districts\shp\nycdta2020.shp DELETE_NULL</Process></lineage></DataProperties><SyncDate>20220207</SyncDate><SyncTime>08505800</SyncTime><ModDate>20220207</ModDate><ModTime>08505800</ModTime><scaleRange><minScale>150000000</minScale><maxScale>5000</maxScale></scaleRange></Esri><mdHrLv><ScopeCd value="005"/></mdHrLv><mdContact><editorSource>external</editorSource><editorDigest>8a4090e01f5f57bf9facfa428fb5afb</editorDigest><rpOrgName>New York City Department of City Planning (DCP)</rpOrgName><rpCntInfo><cntAddress><delPoint>120 Broadway, 31st Floor</delPoint><city>New York</city><adminArea>NY</adminArea><postCode>10271</postCode><eMailAdd>DCPopendata@planning.nyc.gov</eMailAdd></cntAddress></rpCntInfo><editorSave>True</editorSave><displayName>New York City Department of City Planning (DCP)</displayName><role><RoleCd value="010"/></role></mdContact><dataIdInfo><idCredit>Department of City Planning (DCP)</idCredit><idCitation><resTitle>New York City Community District Tabulation Area</resTitle><citRespParty><editorSource>external</editorSource><editorDigest>8a4090e01f5f57bf9facfa428fb5afb</editorDigest><rpOrgName>New York City Department of City Planning (DCP)</rpOrgName><rpCntInfo><cntAddress><delPoint>120 Broadway, 31st Floor</delPoint><city>New York</city><adminArea>NY</adminArea><postCode>10271</postCode><eMailAdd>DCPopendata@planning.nyc.gov</eMailAdd></cntAddress></rpCntInfo><editorSave>True</editorSave><displayName>New York City Department of City Planning (DCP)</displayName><role><RoleCd value="010"/></role></citRespParty><date><createDate>1/19/2022 8:31:22 AM</createDate><pubDate>2/22/2022 8:31:32 AM</pubDate></date><resEd>22A</resEd><presForm><PresFormCd value="005" Sync="TRUE"/></presForm></idCitation><searchKeys><keyword>Community District Tabulation Area</keyword><keyword>CDTA</keyword><keyword>2020</keyword><keyword>census</keyword><keyword>American Community Survey</keyword><keyword>ACS</keyword><keyword>boundary</keyword><keyword>boundaries</keyword><keyword>districts</keyword><keyword>LION</keyword><keyword>CSCL</keyword><keyword>Department of City Planning</keyword><keyword>DCP</keyword><keyword>New York City</keyword><keyword>NYC</keyword><keyword>LIONdistricts</keyword></searchKeys><resConst><Consts><useLimit>&lt;DIV STYLE="text-align:Left;"&gt;&lt;DIV&gt;&lt;DIV&gt;&lt;P&gt;&lt;SPAN&gt;This dataset is being provided by the Department of City Planning (DCP) on DCP’s website for informational purposes only. DCP does not warranty the completeness, accuracy, content, or fitness for any particular purpose or use of the dataset, nor are any such warranties to be implied or inferred with respect to the dataset as furnished on the website. DCP and the City are not liable for any deficiencies in the completeness, accuracy, content, or fitness for any particular purpose or use the dataset, or applications utilizing the dataset, provided by any third party.&lt;/SPAN&gt;&lt;/P&gt;&lt;/DIV&gt;&lt;/DIV&gt;&lt;/DIV&gt;</useLimit></Consts></resConst><idPurp>Community District Tabulation Areas (CDTA) are statistical geographies that closely approximate Community Districts, used for reporting American Community Survey (ACS) data. CDTAs are aggregations of census tracts.</idPurp><idAbs>&lt;DIV STYLE="text-align:Left;"&gt;&lt;DIV&gt;&lt;DIV&gt;&lt;P STYLE="margin:0 0 0 0;"&gt;&lt;SPAN&gt;&lt;SPAN&gt;The Department of City Planning (DCP) created Community District Tabulation Areas (CDTA) using 2020 census tracts as building blocks. These aggregations of census tracts are intended to closely approximate the 59 Community Districts of New York City for the purpose of reporting American Community Survey (ACS) data.&lt;/SPAN&gt;&lt;/SPAN&gt;&lt;/P&gt;&lt;P /&gt;&lt;P&gt;&lt;SPAN /&gt;&lt;/P&gt;&lt;/DIV&gt;&lt;/DIV&gt;&lt;/DIV&gt;</idAbs><idPoC><editorSource>external</editorSource><editorDigest>8a4090e01f5f57bf9facfa428fb5afb</editorDigest><rpOrgName>New York City Department of City Planning (DCP)</rpOrgName><rpCntInfo><cntAddress><delPoint>120 Broadway, 31st Floor</delPoint><city>New York</city><adminArea>NY</adminArea><postCode>10271</postCode><eMailAdd>DCPopendata@planning.nyc.gov</eMailAdd></cntAddress></rpCntInfo><editorSave>True</editorSave><displayName>New York City Department of City Planning (DCP)</displayName><role><RoleCd value="010"/></role></idPoC><envirDesc Sync="TRUE"> Version 6.2 (Build 9200) ; Esri ArcGIS 10.6.1.9328</envirDesc><dataLang><languageCode value="eng" Sync="TRUE"/><countryCode value="USA" Sync="TRUE"/></dataLang><spatRpType><SpatRepTypCd value="001" Sync="TRUE"/></spatRpType><dataExt><geoEle><GeoBndBox esriExtentType="search"><exTypeCode Sync="TRUE">1</exTypeCode><westBL Sync="TRUE">-74.257159</westBL><eastBL Sync="TRUE">-73.699215</eastBL><northBL Sync="TRUE">40.915568</northBL><southBL Sync="TRUE">40.496010</southBL></GeoBndBox></geoEle></dataExt></dataIdInfo><eainfo><detailed Name="nycdta2020"><enttyp><enttypl>nycdta2020</enttypl><enttypt Sync="TRUE">Feature Class</enttypt><enttypc Sync="TRUE">0</enttypc></enttyp><attr><attrlabl Sync="TRUE">FID</attrlabl><attalias Sync="TRUE">FID</attalias><attrtype Sync="TRUE">OID</attrtype><attwidth Sync="TRUE">4</attwidth><atprecis Sync="TRUE">0</atprecis><attscale Sync="TRUE">0</attscale><attrdef Sync="TRUE">Internal feature number.</attrdef><attrdefs Sync="TRUE">Esri</attrdefs><attrdomv><udom Sync="TRUE">Sequential unique whole numbers that are automatically generated.</udom></attrdomv></attr><attr><attrlabl>BoroCode</attrlabl><attrdef>Borough code for the borough in which the CDTA is located.</attrdef><attrdomv><edom><edomv>1</edomv><edomvd>Manhattan</edomvd></edom><edom><edomv>2</edomv><edomvd>Bronx</edomvd></edom><edom><edomv>3</edomv><edomvd>Brooklyn</edomvd></edom><edom><edomv>4</edomv><edomvd>Queens</edomvd></edom><edom><edomv>5</edomv><edomvd>Staten Island</edomvd></edom></attrdomv><attrtype>SmallInteger</attrtype><attwidth>1</attwidth><atprecis>1</atprecis><attalias Sync="TRUE">BoroCode</attalias><attscale Sync="TRUE">0</attscale></attr><attr><attrlabl>BoroName</attrlabl><attrdef>Borough name.</attrdef><attrtype>String</attrtype><attwidth>13</attwidth><attalias Sync="TRUE">BoroName</attalias><atprecis Sync="TRUE">0</atprecis><attscale Sync="TRUE">0</attscale></attr><attr><attrlabl>Shape</attrlabl><attrdef>Feature geometry.</attrdef><attrdefs>ESRI</attrdefs><attrdomv><udom>Coordinates defining the features.</udom></attrdomv><attalias Sync="TRUE">Shape</attalias><attrtype Sync="TRUE">Geometry</attrtype><attwidth Sync="TRUE">0</attwidth><atprecis Sync="TRUE">0</atprecis><attscale Sync="TRUE">0</attscale></attr><attr><attrlabl>CountyFIPS</attrlabl><attrdef>The Census Bureau defined County FIPS code</attrdef><attrtype>String</attrtype><attwidth>3</attwidth><attalias Sync="TRUE">CountyFIPS</attalias><atprecis Sync="TRUE">0</atprecis><attscale Sync="TRUE">0</attscale></attr><attr><attrlabl>SHAPE_Area</attrlabl><attrdef>Area of feature in internal units squared.</attrdef><attrdefs>ESRI</attrdefs><attrdomv><udom>Positive real numbers that are automatically generated.</udom></attrdomv><attalias Sync="TRUE">Shape_Area</attalias><attrtype Sync="TRUE">Double</attrtype><attwidth Sync="TRUE">19</attwidth><atprecis Sync="TRUE">0</atprecis><attscale Sync="TRUE">0</attscale></attr><attr><attrlabl>CDTA2020</attrlabl><attrtype>String</attrtype><attwidth>4</attwidth><attrdef>Community District Tabulation Area code.</attrdef><attalias Sync="TRUE">CDTA2020</attalias><atprecis Sync="TRUE">0</atprecis><attscale Sync="TRUE">0</attscale></attr><attr><attrlabl>CDTAType</attrlabl><attrtype>String</attrtype><attwidth>3</attwidth><attrdef>Type of Community District Tabulation Area. One digit code assigned to a CDTA to distinguish between those that are representative of a Community District (given a code of 0) and those that are representative of a Joint Interest Area (given a code of 1). Joint Interest Areas are large open spaces or airports that are not part of any Community District.</attrdef><attrdomv><edom><edomv>0</edomv><edomvd>Community District (CD)</edomvd></edom><edom><edomv>1</edomv><edomvd>Joint Interest Area (JIA)</edomvd></edom></attrdomv><attalias Sync="TRUE">CDTAType</attalias><atprecis Sync="TRUE">0</atprecis><attscale Sync="TRUE">0</attscale></attr><attr><attrlabl Sync="TRUE">Shape_Leng</attrlabl><attalias Sync="TRUE">Shape_Leng</attalias><attrtype Sync="TRUE">Double</attrtype><attwidth Sync="TRUE">19</attwidth><atprecis Sync="TRUE">0</atprecis><attscale Sync="TRUE">0</attscale></attr><attr><attrlabl>CDTANAME</attrlabl><attrtype>String</attrtype><attwidth>75</attwidth><attrdef>Community District Tabulation Area name.</attrdef><attalias Sync="TRUE">CDTAName</attalias><atprecis Sync="TRUE">0</atprecis><attscale Sync="TRUE">0</attscale></attr></detailed></eainfo><mdLang><languageCode value="eng" Sync="TRUE"/><countryCode value="USA" Sync="TRUE"/></mdLang><distInfo><distFormat><formatName Sync="TRUE">Shapefile</formatName></distFormat><distTranOps><transSize Sync="TRUE">0.000</transSize></distTranOps></distInfo><mdHrLvName Sync="TRUE">dataset</mdHrLvName><refSysInfo><RefSystem><refSysID><identCode code="2263" Sync="TRUE"/><idCodeSpace Sync="TRUE">EPSG</idCodeSpace><idVersion Sync="TRUE">5.3(9.0.0)</idVersion></refSysID></RefSystem></refSysInfo><spatRepInfo><VectSpatRep><geometObjs Name="nycdta2020"><geoObjTyp><GeoObjTypCd value="002" Sync="TRUE"></GeoObjTypCd></geoObjTyp><geoObjCnt Sync="TRUE">0</geoObjCnt></geometObjs><topLvl><TopoLevCd value="001" Sync="TRUE"></TopoLevCd></topLvl></VectSpatRep></spatRepInfo><spdoinfo><ptvctinf><esriterm Name="nycdta2020"><efeatyp Sync="TRUE">Simple</efeatyp><efeageom code="4" Sync="TRUE"></efeageom><esritopo Sync="TRUE">FALSE</esritopo><efeacnt Sync="TRUE">0</efeacnt><spindex Sync="TRUE">FALSE</spindex><linrefer Sync="TRUE">FALSE</linrefer></esriterm></ptvctinf></spdoinfo><mdDateSt Sync="TRUE">20220207</mdDateSt></metadata>
